<?xml version="1.0" encoding="UTF-8"?>
<window>
    <coordinates>
        <left>510</left>
        <top>170</top>
    </coordinates>
    <controls>
        <control type="group">
            <control type="image">
                <left>0</left>
                <top>0</top>
                <width>900</width> 
                <height>720</height> 
                <texture border="2">Background/ContentPanel.png</texture>
            </control>
            <control type="image" id="101">
                <left>10</left>
                <top>10</top>
                <width>880</width> 
                <height>700</height>
            </control>
            <control type="label" id="102">
                <description>header label</description>
                <posx>20</posx>
                <posy>20</posy>
                <width>860</width>
                <height>40</height>
                <font>font13</font>
                <label></label>
                <align>center</align>
                <aligny>center</aligny>
            </control>
            <control type="textbox" id="103">
                <left>20</left>
                <top>70</top>
                <width>860</width>
                <height>650</height>
                <font>font10</font>
                <align>justify</align>
                <aligny>top</aligny>
            </control>
        </control>
        <control type="group">
            <control type="button" id="201">
                <left>250</left>
                <top>640</top>
                <width>310</width>
                <height>60</height>
                <font>font12</font>
                <textcolor>FF000000</textcolor>
                <label>[B]Fazer Teste[/B]</label>
                <align>center</align>
                <aligny>center</aligny>
                <texturefocus colordiffuse="FF12B2E7">Button/testbuttonfo.png</texturefocus>
                <texturenofocus>Button/testbuttonnfad.png</texturenofocus>
                <onleft>202</onleft>
                <onright>202</onright>
            </control>
            <control type="button" id="202">
                <left>570</left>
                <top>640</top>
                <width>310</width>
                <height>60</height>
                <font>font12</font>
                <textcolor>FF000000</textcolor>
                <textoffsetx>20</textoffsetx>
                <label>[B]Fechar[/B]</label>
                <align>center</align>
                <aligny>center</aligny>
                <texturefocus colordiffuse="FF12B2E7">Button/testbuttonfoad.png</texturefocus>
                <texturenofocus>Button/testbuttonad.png</texturenofocus>
                <onleft>201</onleft>
                <onright>201</onright>
            </control>
        </control>
    </controls>
</window>
