<?xml version="1.0" encoding="UTF-8"?>
<window>
    <coordinates>
        <left>600</left>
        <top>360</top>
    </coordinates>
    <controls>
        <control type="group">
            <control type="image">
                <description>Image_Background</description>
                <posx>0</posx>
                <posy>0</posy>
                <width>800</width>
                <height>300</height>
                <texture border="1">Background/loguploader-dialog-bg.png</texture>
            </control>
            <control type="image">
                <description>Image_Header</description>
                <posx>0</posx>
                <posy>0</posy>
                <width>800</width>
                <height>10</height>
                <texture colordiffuse="FF63A9FF" border="2">Background/loguploader-white.png</texture>
            </control>			
            <control type="image">
                <description>Image_Header</description>
                <posx>0</posx>
                <posy>60</posy>
                <width>800</width>
                <height>10</height>
                <texture colordiffuse="FF63A9FF" border="2">Background/loguploader-white.png</texture>
            </control>
            <control type="image">
                <description>Image_Header</description>
                <posx>0</posx>
                <posy>300</posy>
                <width>800</width>
                <height>60</height>
                <texture colordiffuse="FFFFFFFF" border="2">Background/loguploader-white.png</texture>
            </control>
            <control type="label" id="101">
                <description>Header_labl</description>
                <posx>0</posx>
                <posy>0</posy>
                <width>800</width>
                <height>70</height>
                <font>font13</font>
                <label></label>
                <align>center</align>
                <aligny>center</aligny>
            </control>
            <control type="textbox" id="102">
                <left>10</left>
                <top>70</top>
                <width>800</width>
                <height>300</height>
                <font>font10</font>
                <align>left</align>
                <aligny>top</aligny>
                <pagecontrol>103</pagecontrol>
                <onup>103</onup>
                <ondown>103</ondown>
                <onleft>103</onleft>
                <onright>103</onright>
            </control>
            <control type="scrollbar" id="103">
                <left>795</left>
                <top>0</top>
                <width>30</width>
                <height>360</height>
                <subtype>text</subtype>
                <visible>true</visible>
                <texturesliderbackground>Button/scrollbar-V-background.png</texturesliderbackground>
                <texturesliderbar>Button/scrollbar-V.png</texturesliderbar>
                <texturesliderbarfocus colordiffuse="FF63A9FF">Button/scrollbar-V-focus.png</texturesliderbarfocus>
                <orientation>vertical</orientation>
                <showonepage>true</showonepage>
                <onup>201</onup>
                <ondown>201</ondown>
                <onleft>201</onleft>
                <onright>201</onright>
            </control>
            <control type="button" id="201">
                <left>335</left> 
                <top>305</top>
                <width>135</width>
                <height>50</height>
                <font>font12</font>
                <textcolor>FFFFFFFF</textcolor>
                <textoffsetx>20</textoffsetx>
                <label>Fechar</label>
                <align>center</align>
                <aligny>center</aligny>
                <texturefocus colordiffuse="FFA770FF">Button/testbuttonfo.png</texturefocus>
                <texturenofocus>Button/testbuttonnf.png</texturenofocus>
                <onup>103</onup>
                <ondown>103</ondown>
                <onleft>103</onleft>
                <onright>103</onright>
            </control>
        </control>
    </controls>
</window>