<?xml version="1.0" encoding="UTF-8" standalone="yes"?>
<addon id="plugin.video.projetoadritecnews" name="[COLOR gold]Projeto[/COLOR] [COLOR dodgerblue][B]Adritec[/B][COLOR red][B]News[/B] [/COLOR]" version="1.0" provider-name="adritecNews ®">
  <requires>
    <import addon="xbmc.python" version="2.1.0"/>
    <import addon="script.module.addon.common" version="2.0.0"/>
  </requires>
  <extension point="xbmc.python.pluginsource" library="adritec.py">
        <provides>video</provides>
  </extension>
  <extension point="xbmc.addon.metadata">
    <summary>Por adritecNews</summary>
    <description lang="pt_BR">[COLOR white][B]Add-on[/B][/COLOR] [COLOR white][B]para[/B][/COLOR] [COLOR white][B]mostrar[/B][/COLOR] nomes dos [COLOR white][B]Colaboradores[/B][/COLOR] do meu [COLOR white][B]projeto, e canal[/B]![/COLOR] [COLOR white][B]Obrigado pelo seu apoio![/COLOR][COLOR white][B]*NOSSO CANAL: [B][COLOR dodgerblue]Pesquize no [COLOR white][/B][COLOR red][B]YouTube [/B][/COLOR] [B]por: [/B][COLOR dodgerblue][B]Adritec[/B][COLOR red][B]News[/B] [/COLOR][COLOR white][B]®[/B][/COLOR][COLOR white][B] *COLABORE: [/B][/COLOR][COLOR gold][B]https://apoia.se/adritecnews[/B][/COLOR]  [COLOR dodgerblue][B]Adritec[/B][COLOR red][B]News[/B] [/COLOR][COLOR white][B]®[/B][/COLOR]</description>  
	<disclaimer lang="pt_BR">[COLOR orangered][B]ATENÇÃO[/B]:[/COLOR][COLOR lawngreen] [B]"PROIBIDA COPIA E INFORMAÇÕES CONTIDOS NESSE SCRIPT (ADD-ON) SEM MINHA ALTORIZAÇÃO"[/B][/COLOR] [COLOR ][COLOR orangered][B]REGISTRO:[/COLOR] [COLOR skyblue][B]"SCRIPT REGISTRADO POR QUESTÃO DE DIREITOS AUTORAIS"[/B][/COLOR]</disclaimer>
    <platform>all</platform>
	<website>https://adritecnews.com</website>
    <news>*ADD-ON DESTINADO A MOSTRAR PARA MEUS COLABORADORES, OS MEUS AGRADECIMENTOS! E OUTRAS INFORMAÇÕES ÚTEIS!
*PROIBIDA, CÓPIA, PLÁGIO.
*visite: https://www.adritecnews.com</news>
  <assets>
            <icon>icon.png</icon>
            <fanart>fanart.jpg</fanart>
            <screenshot>resources/art/print/1.jpg</screenshot>
            <screenshot>resources/art/print/2.jpg</screenshot>
            <screenshot>resources/art/print/3.jpg</screenshot>			
  </assets>
	</extension>
</addon>