<?xml version="1.0" encoding="UTF-8" standalone="yes"?>
<addon id="plugin.program.adritecnewson" name="[COLOR dodgerblue][B]Adritec[/B][COLOR red][B]News[/B] [/COLOR][COLOR white][B]®[/B][/COLOR] [COLOR gold][B]ON[/B][/COLOR]" version="2.2.5" provider-name="[COLOR dodgerblue][B]Adritec[/B][/COLOR][COLOR red][B]News[/B][/COLOR]">
  <requires>
    <import addon="xbmc.python" version="2.1.0"/>
    <import addon="script.module.beautifulsoup" version="3.2.1"/>
    <import addon="script.module.simple.downloader" version="0.9.4"/>
    <import addon="script.module.t0mm0.common" version="2.0.0"/>
    <import addon="script.module.beautifulsoup4" />
    <import addon="script.module.requests" />
    <import addon="script.module.httplib2" />
    <import addon="script.module.simple.downloader" version="0.9.4"/>
    <import addon="script.module.simplejson" />
    <import addon="script.module.pyamf"/>
    <import addon="script.common.plugin.cache" version="2.5.2"/>
	<import addon="script.module.addon.common" />
	<import addon="script.module.addon.signals" version="0.0.1"/>	
    <import addon="script.module.requests" version="2.19.1"/> 
    <import addon="script.module.pyxbmct" version="1.2.0"/>
    <import addon="script.module.unidecode" version="0.4.16"/>	
  </requires>
  <extension point="xbmc.python.pluginsource" library="adritec.py">
  <provides>video executable</provides>
  </extension>    
    <extension point="xbmc.addon.metadata">
	<description lang="pt">[COLOR white][B]Bem vindo ao Instalador de addons, uma nova ATUALIZAÇÃO, Bem mais dinâmico, Simples, Fácil de usar[/B].[/COLOR] [COLOR white][B]*NOSSO CANAL: [B][COLOR dodgerblue]Pesquize no [COLOR white][/B][COLOR red][B]YouTube [/B][/COLOR] [B]por: [/B][COLOR dodgerblue][B]Adritec[/B][/COLOR][COLOR red][B] News[/B][/COLOR][COLOR white][B] *COLABORE: [/B][/COLOR][COLOR gold][B]https://apoia.se/adritecnews[/B][/COLOR]  [COLOR dodgerblue][B]Adritec[/B][/COLOR][COLOR red][B] News[/B][/COLOR][COLOR gold][B] ON [/B][/COLOR][B]É apenas um AGREGADOR de addons, assim como o Google.com, apenas agrega e organiza os links externos e outros.[/B][/COLOR] [COLOR orangered][B]Não sou responsável pelos arquivos (add-ons) aqui encontrados.[/B][/COLOR]</description>  
	<disclaimer lang="pt">[COLOR red][B]ATENÇÃO[/B]:[COLOR red][B]PROIBIDA CÓPIA, CLONE, E VENDA[/B] - [/COLOR][COLOR white][B]®[/B][/COLOR] [COLOR red][B]OBS:[/B][/COLOR][COLOR white] [B]"SE VOCÊ USUÁRIO DESSE ADD-ON, VER POR AÍ, OU CLONE, DENUNCIE PARA: [/COLOR][COLOR orangered][B]adritec_dados@yahoo.com.br"[/B][/COLOR]</disclaimer>
	<summary>[COLOR dodgerblue][B]Adritec[/B][COLOR red][B]News[/B] [/COLOR][COLOR white][B]®[/B][/COLOR] [COLOR gold][B]ON[/B][/COLOR]</summary>
   	<platform>all</platform>
    <website>http://adritecnews.com</website>
    <source></source>
    <forum></forum>
    <news>[COLOR lime]**[/COLOR] VISITE AGORA: http://adritecnews.com [COLOR lime]**[/COLOR]

[COLOR firebrick]●[/COLOR] - ATUALIZADO.
[COLOR firebrick]●[/COLOR] - MUITO FÁCIL.
[COLOR firebrick]●[/COLOR] - DINÂMICO.
[COLOR firebrick]●[/COLOR] - [COLOR red][B]PROIBIDA CÓPIA, CLONE, E VENDA[/B] - [/COLOR][COLOR white][B]®[/B][/COLOR]
    </news>
	<assets>
            <icon>icons/icon.png</icon>
            <fanart>images/fanart.jpg</fanart>
            <screenshot>images/print/1.jpg</screenshot>
            <screenshot>images/print/2.jpg</screenshot>
            <screenshot>images/print/3.jpg</screenshot>
	</assets>
	</extension>
</addon>